{
  "region": {
    "precision": 1.0,
    "recall": 1.0,
    "f1-score": 1.0,
    "support": 10,
    "confused_with": {}
  },
  "info": {
    "precision": 0.9975369458128078,
    "recall": 1.0,
    "f1-score": 0.9987669543773119,
    "support": 405,
    "confused_with": {}
  },
  "stock_name2": {
    "precision": 1.0,
    "recall": 1.0,
    "f1-score": 1.0,
    "support": 58,
    "confused_with": {}
  },
  "stock_name": {
    "precision": 1.0,
    "recall": 1.0,
    "f1-score": 1.0,
    "support": 333,
    "confused_with": {}
  },
  "time_period": {
    "precision": 1.0,
    "recall": 1.0,
    "f1-score": 1.0,
    "support": 16,
    "confused_with": {}
  },
  "micro avg": {
    "precision": 0.9987849331713244,
    "recall": 1.0,
    "f1-score": 0.9993920972644378,
    "support": 822
  },
  "macro avg": {
    "precision": 0.9995073891625615,
    "recall": 1.0,
    "f1-score": 0.9997533908754624,
    "support": 822
  },
  "weighted avg": {
    "precision": 0.9987864514041206,
    "recall": 1.0,
    "f1-score": 0.9993924775216682,
    "support": 822
  },
  "accuracy": 0.9998777207141111
}