{
  "info": {
    "precision": 1.0,
    "recall": 1.0,
    "f1-score": 1.0,
    "support": 6,
    "confused_with": {}
  },
  "time_period": {
    "precision": 1.0,
    "recall": 0.9285714285714286,
    "f1-score": 0.962962962962963,
    "support": 14,
    "confused_with": {}
  },
  "stock_name": {
    "precision": 1.0,
    "recall": 1.0,
    "f1-score": 1.0,
    "support": 44,
    "confused_with": {}
  },
  "micro avg": {
    "precision": 1.0,
    "recall": 0.984375,
    "f1-score": 0.9921259842519685,
    "support": 64
  },
  "macro avg": {
    "precision": 1.0,
    "recall": 0.9761904761904763,
    "f1-score": 0.9876543209876543,
    "support": 64
  },
  "weighted avg": {
    "precision": 1.0,
    "recall": 0.984375,
    "f1-score": 0.9918981481481481,
    "support": 64
  },
  "accuracy": 0.9984101748807631
}