{
  "region": {
    "precision": 1.0,
    "recall": 1.0,
    "f1-score": 1.0,
    "support": 10,
    "confused_with": {}
  },
  "info": {
    "precision": 0.9975490196078431,
    "recall": 1.0,
    "f1-score": 0.9987730061349693,
    "support": 407,
    "confused_with": {}
  },
  "stock_name": {
    "precision": 1.0,
    "recall": 1.0,
    "f1-score": 1.0,
    "support": 361,
    "confused_with": {}
  },
  "time_period": {
    "precision": 1.0,
    "recall": 1.0,
    "f1-score": 1.0,
    "support": 16,
    "confused_with": {}
  },
  "stock_name2": {
    "precision": 1.0,
    "recall": 1.0,
    "f1-score": 1.0,
    "support": 59,
    "confused_with": {}
  },
  "micro avg": {
    "precision": 0.9988290398126464,
    "recall": 1.0,
    "f1-score": 0.9994141769185706,
    "support": 853
  },
  "macro avg": {
    "precision": 0.9995098039215687,
    "recall": 1.0,
    "f1-score": 0.999754601226994,
    "support": 853
  },
  "weighted avg": {
    "precision": 0.9988305404224996,
    "recall": 1.0,
    "f1-score": 0.9994145527513864,
    "support": 853
  },
  "accuracy": 0.9998801246703428
}