{
  "time_period": {
    "precision": 1.0,
    "recall": 0.9285714285714286,
    "f1-score": 0.962962962962963,
    "support": 14,
    "confused_with": {}
  },
  "info": {
    "precision": 1.0,
    "recall": 1.0,
    "f1-score": 1.0,
    "support": 6,
    "confused_with": {}
  },
  "stock_name": {
    "precision": 1.0,
    "recall": 0.9761904761904762,
    "f1-score": 0.9879518072289156,
    "support": 42,
    "confused_with": {}
  },
  "micro avg": {
    "precision": 1.0,
    "recall": 0.967741935483871,
    "f1-score": 0.9836065573770492,
    "support": 62
  },
  "macro avg": {
    "precision": 1.0,
    "recall": 0.9682539682539683,
    "f1-score": 0.9836382567306262,
    "support": 62
  },
  "weighted avg": {
    "precision": 1.0,
    "recall": 0.967741935483871,
    "f1-score": 0.9834751191144506,
    "support": 62
  },
  "accuracy": 0.9965397923875432
}